Date,Open,High,Low,Close,Adj. Close,Change,Volume
21-Nov-25,296.42,303.92,293.85,299.66,299.66,3.53%,"72,986,914"
20-Nov-25,304.54,306.42,288.67,289.45,289.45,-1.15%,"61,882,334"
19-Nov-25,287.16,303.81,286.63,292.81,292.81,3.00%,"68,198,944"
18-Nov-25,287.92,288.8,278.2,284.28,284.28,-0.26%,"49,158,743"
17-Nov-25,285.78,293.95,283.57,285.02,285.02,3.11%,"52,670,192"
14-Nov-25,271.41,278.56,270.7,276.41,276.41,-0.78%,"31,647,227"
13-Nov-25,282.34,282.84,277.24,278.57,278.57,-2.84%,"29,494,040"
12-Nov-25,291.68,292.01,283.69,286.71,286.71,-1.58%,"24,829,923"
11-Nov-25,287.75,291.92,287.32,291.31,291.31,0.42%,"19,842,136"
10-Nov-25,284.42,290.8,282.86,290.1,290.1,4.04%,"29,557,309"
7-Nov-25,283.21,283.78,275.19,278.83,278.83,-2.08%,"34,479,588"
6-Nov-25,285.33,288.35,281.14,284.75,284.75,0.15%,"37,173,648"
5-Nov-25,278.87,286.42,277.34,284.31,284.31,2.44%,"31,010,302"
4-Nov-25,276.75,281.27,276.26,277.54,277.54,-2.18%,"30,078,369"
3-Nov-25,282.18,285.53,279.8,283.72,283.72,0.90%,"29,785,996"
31-Oct-25,283.21,286,277.03,281.19,281.19,-0.10%,"39,267,945"
30-Oct-25,291.59,291.59,280.06,281.48,281.48,2.52%,"74,875,990"
29-Oct-25,267.75,275.34,267.67,274.57,274.57,2.65%,"43,580,277"
28-Oct-25,269.69,270.73,266.5,267.47,267.47,-0.67%,"29,738,564"
27-Oct-25,264.82,270.14,264.28,269.27,269.27,3.60%,"35,235,231"
24-Oct-25,256.58,261.68,255.32,259.92,259.92,2.70%,"28,655,126"
23-Oct-25,252.98,255.04,251.85,253.08,253.08,0.55%,"19,901,425"
22-Oct-25,254.37,256.36,249.29,251.69,251.69,0.49%,"35,029,370"
21-Oct-25,254.74,254.88,244.15,250.46,250.46,-2.37%,"47,312,098"
20-Oct-25,254.69,257.33,254.23,256.55,256.55,1.28%,"22,350,155"
17-Oct-25,250.76,254.22,247.81,253.3,253.3,0.73%,"29,671,629"
16-Oct-25,251.77,256.96,250.1,251.46,251.46,0.17%,"27,997,159"
15-Oct-25,247.25,252.11,245.99,251.03,251.03,2.27%,"27,007,690"
14-Oct-25,241.23,247.12,240.51,245.45,245.45,0.53%,"22,111,572"
13-Oct-25,240.21,244.5,239.71,244.15,244.15,3.20%,"24,995,028"
10-Oct-25,241.43,244.09,235.84,236.57,236.57,-2.05%,"33,180,323"
9-Oct-25,244.47,244.76,239.15,241.53,241.53,-1.26%,"27,892,086"
8-Oct-25,244.96,246.01,243.82,244.62,244.62,-0.46%,"21,307,104"
7-Oct-25,248.27,250.44,245.52,245.76,245.76,-1.86%,"23,181,285"
6-Oct-25,244.78,251.32,244.58,250.43,250.43,2.07%,"28,894,653"
3-Oct-25,244.49,246.3,241.66,245.35,245.35,-0.14%,"30,249,559"
2-Oct-25,245.15,246.81,242.3,245.69,245.69,0.32%,"25,483,298"
1-Oct-25,240.75,246.3,238.61,244.9,244.9,0.74%,"31,658,234"
30-Sep-25,242.81,243.29,239.25,243.1,243.1,-0.39%,"34,724,346"
29-Sep-25,247.85,251.15,242.77,244.05,244.05,-1.01%,"32,505,777"
26-Sep-25,247.07,249.42,245.97,246.54,246.54,0.31%,"18,503,194"
25-Sep-25,244.4,246.49,240.74,245.79,245.79,-0.55%,"31,020,383"
24-Sep-25,251.66,252.35,246.44,247.14,247.14,-1.80%,"28,201,003"
23-Sep-25,253.04,254.36,250.48,251.66,251.66,-0.34%,"26,628,016"
22-Sep-25,254.43,255.78,250.3,252.53,252.53,-0.86%,"32,290,538"
19-Sep-25,253.25,256,251.81,254.72,254.72,1.07%,"55,571,424"
18-Sep-25,251.68,253.99,249.8,252.03,252.03,1.00%,"31,239,474"
17-Sep-25,251.22,251.6,246.28,249.53,249.53,-0.65%,"34,107,992"
16-Sep-25,252.08,253.04,249.47,251.16,251.16,-0.18%,"34,109,720"
15-Sep-25,244.66,252.41,244.66,251.61,251.61,4.49%,"58,383,796"
12-Sep-25,240.37,242.08,238,240.8,240.8,0.18%,"26,771,610"
11-Sep-25,239.88,242.25,236.25,240.37,240.37,0.50%,"30,599,328"
10-Sep-25,238.9,241.66,237.85,239.17,239.17,-0.19%,"35,141,074"
9-Sep-25,234.17,240.47,233.23,239.63,239.63,2.39%,"38,060,959"
8-Sep-25,235.47,238.13,233.67,234.04,234.04,-0.41%,"32,474,743"
5-Sep-25,232.2,235.76,231.9,235,234.79,1.16%,"46,588,925"
4-Sep-25,229.65,232.37,226.11,232.3,232.09,0.71%,"51,684,167"
3-Sep-25,226.21,231.31,224.79,230.66,230.45,9.14%,"103,336,125"
2-Sep-25,208.44,211.68,206.2,211.35,211.16,-0.73%,"47,523,037"
29-Aug-25,210.51,214.65,210.2,212.91,212.72,0.60%,"39,728,364"
28-Aug-25,207.25,212.22,206.9,211.64,211.45,2.01%,"32,339,307"
27-Aug-25,205.7,208.91,205.65,207.48,207.29,0.16%,"23,022,850"
26-Aug-25,207.51,207.85,205.7,207.14,206.95,-0.65%,"28,464,130"
25-Aug-25,206.43,210.52,205.28,208.49,208.3,1.16%,"29,928,878"
22-Aug-25,202.73,208.54,201.3,206.09,205.91,3.17%,"42,827,040"
21-Aug-25,199.75,202.48,199.43,199.75,199.57,0.22%,"19,774,633"
20-Aug-25,200.73,201.28,196.6,199.32,199.14,-1.12%,"28,955,498"
19-Aug-25,203.03,203.44,199.96,201.57,201.39,-0.95%,"24,240,233"
18-Aug-25,204.2,205.27,202.49,203.5,203.32,-0.20%,"18,526,594"
15-Aug-25,203.85,206.44,201.28,203.9,203.72,0.47%,"34,931,422"
14-Aug-25,201.5,204.44,201.23,202.94,202.76,0.49%,"25,230,427"
13-Aug-25,204.13,204.53,197.51,201.96,201.78,-0.68%,"28,342,922"
12-Aug-25,201.37,204.5,200.59,203.34,203.16,1.16%,"30,424,452"
11-Aug-25,200.94,201.48,199.07,201,200.82,-0.21%,"25,832,435"
8-Aug-25,197.22,202.61,197.17,201.42,201.24,2.49%,"39,161,826"
7-Aug-25,197.06,197.54,194.33,196.52,196.34,0.22%,"26,321,811"
6-Aug-25,194.5,196.63,193.67,196.09,195.91,0.73%,"21,562,908"
5-Aug-25,194.71,197.86,193.89,194.67,194.5,-0.19%,"31,602,340"
4-Aug-25,190.29,195.27,190.12,195.04,194.87,3.12%,"31,547,350"
1-Aug-25,189.03,190.83,187.82,189.13,188.96,-1.44%,"34,832,181"
31-Jul-25,195.71,195.99,191.09,191.9,191.73,-2.36%,"51,329,163"
30-Jul-25,195.6,197.6,194.69,196.53,196.35,0.40%,"32,445,405"
29-Jul-25,192.43,195.92,192.08,195.75,195.58,1.65%,"41,389,153"
28-Jul-25,193.65,194.05,190.84,192.58,192.41,-0.31%,"38,139,504"
25-Jul-25,191.98,194.33,191.26,193.18,193.01,0.53%,"39,785,863"
24-Jul-25,197.03,197.95,191,192.17,192,1.02%,"74,881,687"
23-Jul-25,191.5,192.53,189.18,190.23,190.06,-0.58%,"58,681,948"
22-Jul-25,191.5,191.65,187.46,191.34,191.17,0.65%,"44,660,215"
21-Jul-25,186.25,190.29,186.15,190.1,189.93,2.72%,"45,803,129"
18-Jul-25,185.4,186.42,183.71,185.06,184.89,0.81%,"34,014,509"
17-Jul-25,182.14,184.06,180.48,183.58,183.42,0.33%,"31,992,565"
16-Jul-25,183.24,184.33,182.03,182.97,182.81,0.53%,"33,104,193"
15-Jul-25,182.81,184.22,181.6,182,181.84,0.24%,"33,448,251"
14-Jul-25,181.01,183.67,179.68,181.56,181.4,0.76%,"32,536,632"
11-Jul-25,176.79,181.43,176.48,180.19,180.03,1.45%,"34,282,922"
10-Jul-25,175.63,178.43,174.38,177.62,177.46,0.57%,"29,252,386"
9-Jul-25,175.25,179.44,172.77,176.62,176.46,1.30%,"43,025,594"
8-Jul-25,177.85,177.95,172.81,174.36,174.2,-1.37%,"40,442,535"
7-Jul-25,179.06,179.3,175.68,176.79,176.63,-1.53%,"34,175,648"
3-Jul-25,178.5,179.67,177.05,179.53,179.37,0.50%,"21,689,729"
2-Jul-25,175.54,178.86,175.07,178.64,178.48,1.59%,"29,128,947"
1-Jul-25,175.74,176.09,173.53,175.84,175.68,-0.22%,"35,904,526"
30-Jun-25,180.78,181.23,174.58,176.23,176.07,-1.29%,"63,378,856"
27-Jun-25,173.54,178.68,171.73,178.53,178.37,2.88%,"108,140,200"
26-Jun-25,172.43,173.69,169.94,173.54,173.38,1.68%,"31,796,690"
25-Jun-25,167.63,172.36,167.55,170.68,170.53,2.34%,"35,478,989"
24-Jun-25,166.92,168.22,166.13,166.77,166.62,0.96%,"40,524,312"
23-Jun-25,166.27,167.34,162,165.19,165.04,-0.87%,"57,670,985"
20-Jun-25,173.95,174.34,165.46,166.64,166.49,-3.85%,"75,659,917"
18-Jun-25,176.01,176.56,173.2,173.32,173.17,-1.49%,"28,707,524"
17-Jun-25,175.7,177.37,174.58,175.95,175.79,-0.46%,"24,973,043"
16-Jun-25,174.73,176.94,174.65,176.77,176.61,1.20%,"27,389,208"
13-Jun-25,172.44,177.13,172.39,174.67,174.51,-0.59%,"27,663,107"
12-Jun-25,176.18,176.72,174.75,175.7,175.54,-0.93%,"20,941,873"
11-Jun-25,179.77,180.37,176.75,177.35,177.19,-0.70%,"31,646,757"
10-Jun-25,176.2,181.11,174.91,178.6,178.44,1.43%,"61,766,121"
9-Jun-25,174.54,176.47,174.37,176.09,175.93,1.39%,"28,935,906"
6-Jun-25,170.83,174.5,170.83,173.68,173.31,3.25%,"35,731,832"
5-Jun-25,170.34,170.93,167.59,168.21,167.86,0.10%,"36,444,564"
4-Jun-25,166.74,168.22,166.36,168.05,167.7,1.13%,"26,900,838"
3-Jun-25,167.49,168.48,165.28,166.18,165.83,-1.69%,"45,084,903"
2-Jun-25,167.84,169.87,167.39,169.03,168.67,-1.58%,"38,612,272"
30-May-25,171.35,172.21,167.44,171.74,171.38,-0.07%,"52,639,911"
29-May-25,174,174.42,170.63,171.86,171.5,-0.29%,"29,373,803"
28-May-25,173.16,175.27,171.91,172.36,172,-0.31%,"34,783,997"
27-May-25,170.16,173.17,170,172.9,172.54,2.63%,"37,995,670"
23-May-25,169.06,169.96,167.89,168.47,168.12,-1.40%,"35,211,439"
22-May-25,171.85,176.77,170.71,170.87,170.51,1.37%,"74,864,418"
21-May-25,163.69,173.14,163.56,168.56,168.21,2.79%,"73,415,956"
,,,,,,,
,,,,,,,
,,,,,,,
,,,,,,,
,,,,,,,
